{"cameraMode":{"drawMode":0,"name":"Shaded","section":"Shading Mode"},"sceneLighting":true,"audioPlay":false,"sceneViewState":{"showFog":true,"showMaterialUpdate":false,"showSkybox":false,"showFlares":true,"showImageEffects":true,"showParticleSystems":true},"in2DMode":false,"pivot":{"x":-0.00016301870346069336,"y":-0.018146004527807237,"z":-0.0003086701035499573},"rotation":{"x":0.07594279199838638,"y":0.9049890041351318,"z":-0.37676993012428286,"w":0.18241292238235475},"size":8.21535873413086,"orthographic":false}